Real Weight;t1;t2;t3;t4;t5;t6;t7;t8;t9;t10;t11;t12;t13;t14;t15;t16;t17;t18;t19;t20;t21;t22;t23;t24;t25;t26;t27;t28
30;20.21673422;20.591473;20.86281457;21.08287562;21.96117022;23.00840373;23.84536879;25.85281011;26.71549759;28.73882193;30.44886611;30.1657253;30.18397102;28.25247784;27.31047493;25.95342833;24.75780871;24.05798281;22.05548387;20.11454087;18.02064718;17.39011407;16.26042024;14.43176999;13.01110398;11.32096364;9.454772515;8.20582234
30;16.35858023;17.94847454;18.92222738;19.34122049;21.11500585;22.99633866;24.45589539;26.08925842;26.64821827;28.48973984;30.40836102;30.40528439;30.64524061;29.28675367;27.52320492;25.63320438;24.1043161;23.40930351;21.38181798;21.14149238;21.09073624;20.03061805;19.56185436;17.59682191;16.66492556;14.63949643;13.31059229;11.92129398
30;18.54197378;19.39341514;20.71587225;20.79471148;22.88928307;24.04406047;26.13684139;26.82261761;27.21471082;28.64873373;30.42622844;30.81111606;30.82021488;30.43992555;29.65434937;28.9193066;28.02005351;25.8408108;24.44333839;23.25563002;22.97164912;21.88510818;20.56655791;20.15623307;19.96534219;17.91405961;16.4442538;15.25084478
30;20.78783033;21.71256025;22.53506317;23.61561021;23.77419579;24.9385038;25.09412386;26.14973213;27.47469721;29.12978152;30.82962222;30.34304832;30.24642279;29.85762019;29.06125395;27.44591322;25.50507718;25.27862977;23.3105261;21.51311997;21.23263029;20.73522836;19.61953675;17.56950622;15.92294219;14.70348637;13.9111071;13.23332161
30;19.09374381;20.63447666;22.17372955;22.39279076;24.47276326;25.32396846;26.16323351;27.97542172;28.42249213;28.66365276;30.80990821;30.39254798;30.4251855;28.96953539;27.28057236;25.41959744;23.97412075;23.52635512;22.22683767;20.44348124;19.05863379;17.70708341;17.31488222;17.23295169;15.21910251;13.90708515;12.98200953;11.02534885
30;20.43240131;21.54797422;23.01231763;24.52484245;26.71305982;27.74716593;27.80185007;27.87591322;28.81535468;29.78328103;30.70204606;30.34970065;30.27428855;29.67486167;27.64292076;25.7571423;25.0030856;24.41535967;22.66802166;22.32314182;21.95696705;20.3084884;19.35316292;17.96664774;16.17053432;15.07282662;13.93702119;11.98896496
30;22.66514329;22.70798868;24.68442426;25.38958657;26.06988487;26.17494637;26.24512702;26.68294158;28.02609781;28.0862222;30.13278849;30.33229158;30.30503246;30.22973496;29.00571326;28.43178372;27.25199813;25.42083852;25.36559683;24.21564609;23.38134984;21.23733719;20.63146424;18.70878112;16.67857402;15.08023448;13.50547327;12.14544885
30;23.11790284;24.36946206;25.5731842;25.97324773;26.03678794;26.15758895;27.63768493;27.6994491;28.62170996;28.99663366;30.18742115;30.79441109;30.72232818;29.92556296;27.92541372;25.75795637;25.08454723;23.48377984;21.51199683;19.53589064;17.92759764;16.32341982;14.34323413;14.07986732;13.59860876;11.85880619;10.21059431;8.979303154
30;22.25569345;22.60662622;23.88393033;24.90950987;26.34381369;26.88311104;28.1888366;29.15153633;29.89929548;30.2640089;30.44766483;30.52412062;30.37602977;30.19890005;28.94102881;27.24768289;27.24516595;25.40382833;23.95287459;22.26667929;21.65576942;21.07197538;19.08625098;17.21410244;16.02853953;13.92319611;12.39161716;10.20380605
30;20.59060455;21.03354544;22.63030409;23.75338679;25.00655671;25.48972038;26.37274709;27.9298554;28.62800051;29.157541;30.29757327;30.36504018;30.09880805;28.18843911;28.10127575;27.38362005;25.76786634;24.37978021;23.92947517;22.41138804;21.43942322;20.56818909;19.47512655;19.07239927;17.85000315;16.26815786;14.29530386;12.12346153
30;19.72312022;20.97460164;22.01364551;22.36206206;24.03504578;25.9098365;26.71422731;27.33269601;29.00662123;30.18198039;30.88979106;30.24388012;30.69055426;28.62211666;27.18247393;26.18791153;24.70010976;23.09975814;21.2340801;20.32000585;19.75196266;18.73207774;17.32774313;16.53713071;14.96360926;14.15270926;13.99782153;12.53687656
30;17.13414549;17.89988163;19.35883337;20.25829692;22.44939561;23.58107357;24.75056834;26.42176248;27.52507281;29.03409962;30.05489517;30.24067184;30.3714306;28.65497418;26.81613617;26.40787255;25.79098878;25.67069036;24.8654326;22.79807101;21.94620523;19.81083304;18.39157493;17.16782885;15.67033834;13.97987312;12.24089482;12.14837066
30;18.53850046;19.7931605;21.46497379;22.67101566;23.88325828;25.79743025;25.85536439;27.68242041;29.2502831;29.81114291;30.47086443;30.61037712;30.20017331;29.58004155;28.78108548;27.85180915;27.28601818;26.31579128;24.29979274;22.74027199;20.98064696;20.02035924;18.13715201;16.34866212;14.24797326;12.0641012;10.22517658;8.061082865
30;19.53874499;20.7239652;21.35469896;22.15360311;22.93128655;24.30954636;25.44028581;26.96950392;28.78402125;30.14182117;30.15928278;30.04005648;30.03249995;29.71831846;29.63518548;27.62466002;26.33824207;24.68565183;22.5575926;21.22609864;20.99783128;20.52267927;19.04818867;17.57188049;15.82180246;15.14936932;13.1337284;11.84681805
30;20.67638805;21.65067201;22.43515581;22.93490007;23.85347671;26.0469444;26.3069555;26.83773233;27.1594756;29.1689779;30.80467455;30.37584245;30.31776301;29.99942062;28.445258;27.24079318;27.11562612;25.07144522;24.16058749;24.0221699;23.31765011;21.13051157;19.33891049;17.56289142;15.45997971;13.59761266;13.57398894;11.89939344
30;13.15447846;14.99699785;17.0863261;17.50681778;19.11151473;20.91990724;23.01060235;25.14902979;27.33829855;28.99296537;30.53312873;30.90672084;30.10429268;29.63115833;28.70868121;26.84467002;26.61732462;25.72933276;24.08101739;23.11342375;22.20859961;20.79755248;19.81532089;18.36796832;17.5082903;16.52926816;15.49007482;14.7823284
30;17.76467448;19.02832727;20.51077181;22.3967629;23.04492369;25.17474792;26.94304242;28.2350611;29.77684244;30.28512398;30.62036427;30.86327654;30.96369143;29.66629687;29.22682975;27.44531227;26.94522425;25.8377787;25.68370043;24.21429337;23.74290306;22.77698048;21.69018831;19.75794518;17.81615483;17.73440073;16.61074033;15.91558202
30;17.75344118;18.5143815;18.73791268;20.8732325;22.98604704;24.55328589;26.55586929;27.17978228;27.72469926;29.27126636;30.99233835;30.39702233;30.19949476;29.84860769;27.80814722;25.87005526;23.67331238;22.15660631;21.99317832;21.34645442;20.46771717;20.40231158;20.14223455;18.28698769;17.12167946;15.21560336;15.04853717;14.24070855
30;15.3636219;16.75380342;18.31441058;20.24301365;22.33914636;24.32026749;26.25983468;27.09054894;28.02281703;30.13000047;30.99718604;30.1785696;30.83386223;30.30974359;29.43844606;28.02463678;27.49236878;26.98616857;25.84488141;24.37337918;23.73919902;22.87788745;20.96527177;19.79130035;18.09432255;16.68156896;16.59599383;15.15796101
35;23.75914784;24.83255288;25.88744226;26.67601805;28.41003575;29.86703136;30.60234471;32.6588518;34.36371702;34.75646233;35.99873073;35.28166067;35.04886814;34.59455875;33.03601997;32.94231667;32.04545966;30.36251355;28.80763329;28.71091689;27.20595924;27.16080363;26.72707539;24.73076242;24.57889921;24.02174272;23.26854369;21.1258611
35;20.91283262;22.26902169;22.74259368;24.31552393;25.92741139;27.25879166;28.95311685;29.46413958;30.80284219;32.90821226;35.09158937;35.54711989;35.74591263;34.14358712;33.15692122;32.71222372;31.3084227;30.60773383;29.43687108;27.59289718;27.01484985;25.86782644;24.09390481;21.93706038;21.28280118;20.16412584;18.7946713;18.60206078
35;25.99777164;26.14794667;27.21911716;27.9622708;29.6406504;30.7188776;32.73561889;33.390169;33.54508315;34.3050257;35.2181449;35.48733952;35.40293973;33.48611112;33.32197928;33.11084049;32.07122013;30.16261765;29.2051708;28.00358308;27.76455729;26.08391147;25.23354965;25.07589332;24.75228421;23.9481007;22.82125491;22.14042629
35;24.2371134;26.23128758;27.48145974;27.8493612;28.77057792;29.19277517;30.49425644;32.03450516;32.73405506;34.63650728;35.28392475;35.59559049;35.12123675;34.34168474;34.21360313;33.549225;32.97979237;31.32568213;30.58025636;30.03960303;29.51548062;28.96030751;27.01052204;25.48903668;23.9944058;22.7223704;21.42695181;20.51212367
35;21.95041491;23.64163152;25.13624628;26.35001067;28.22866916;29.22657919;30.66125756;31.39821085;32.83878319;33.78424039;35.4673354;35.01421473;35.37334888;33.3540229;33.20821466;31.43055301;29.97148487;29.57159649;28.47581959;27.66507695;26.60814775;25.79677877;24.96336473;24.24880662;23.24837022;21.81037815;21.67223778;21.01862361
35;25.35699327;26.25898001;28.36886722;29.71891693;29.96004037;30.5238515;31.89534062;32.08021742;33.06226631;34.55069102;35.34057718;35.55774823;35.00878449;33.44403914;31.99812552;30.46331625;29.19697741;27.09839056;26.79740057;25.2173589;23.87856981;22.55708431;21.38683116;21.30559633;19.19525463;18.75371035;18.62613382;17.41688879
35;20.91755015;22.01018081;23.92345985;24.95995365;25.07107062;25.98574713;27.99171578;30.18107704;32.35449963;34.07798731;35.93592703;35.27694955;35.02953979;33.72627968;33.01068895;32.05281914;31.12275362;30.01292408;28.71829933;26.92096441;25.95518264;24.97289591;24.92119876;23.84160603;22.48055586;21.19437085;19.13074642;17.94407291
35;23.55170846;24.76801551;25.87028916;26.65728204;27.99912012;28.08050517;29.30254365;31.08218764;32.95073187;33.76650268;35.25624737;35.92602268;35.35381569;34.90258234;34.20802353;33.08250464;31.88217882;30.80094332;30.50659234;30.1519766;29.89973712;29.50626575;29.25168228;28.08849979;27.03408292;26.11943835;24.17825353;23.32604081
35;23.627017;23.94602439;24.31471994;25.39555506;25.72000056;27.1957368;29.3877169;31.46466137;31.93141107;33.87983074;35.27919454;35.7613031;35.80718385;35.27970455;34.45549524;33.41818337;32.899174;32.21626077;31.30016551;30.89605055;29.36221386;28.74407323;27.49217298;27.46528925;26.11162184;25.41871453;24.08702158;23.06249062
35;23.76095546;23.98230156;24.18501101;26.16725588;26.98587216;29.14129056;30.71379506;32.66214981;34.20940372;35.8605335;35.97794084;35.30962073;35.41712645;33.50194032;31.53751538;30.49232225;29.55155227;28.09356011;27.62025928;25.57171912;24.93609508;23.81691915;22.33580412;21.76168299;21.29878492;19.21546856;18.02247498;16.34508164
35;24.53720764;25.7764588;25.96895965;28.01693433;28.11759412;29.19755927;29.80165148;29.98773298;31.92227682;33.87032721;35.1034309;35.51238653;35.22877544;34.3167874;34.18023847;32.81195241;31.16328221;30.55031713;29.03823741;28.28229072;26.9931889;24.9769392;24.62944929;22.83021254;22.43663363;21.38041933;19.94483908;17.83116478
35;24.16578499;24.20082225;26.39635222;26.71537207;28.74213244;30.70634769;32.20779909;32.82759642;33.67847307;35.11362865;35.98855017;35.62388629;35.38590676;34.95562961;34.86487423;32.86399694;31.8240414;30.4053231;28.67169826;27.89580955;26.67131393;26.65536075;26.39120289;24.54148506;23.51946572;22.35711065;21.18143249;19.43147952
35;25.12424443;26.04550016;28.18855298;28.88057881;29.29993111;29.975385;30.97554663;31.94241716;33.25472751;34.55979569;35.05416423;35.16366757;35.63602464;35.54046175;34.31174738;33.79636805;31.98939398;29.91665867;29.69505823;28.39631891;27.09808462;25.85852668;25.10612161;23.94175763;22.48226948;21.31418298;21.02546795;19.08675884
35;22.61946652;23.77377947;24.82232037;26.21048847;27.9561119;30.01136256;31.81559905;33.71244379;34.3076356;34.73104349;35.58105675;35.93740177;35.95028118;34.53088446;33.48189924;31.79111197;30.98070524;29.60355217;28.8716308;27.0877062;26.11827049;25.93389928;25.70283476;23.87751857;22.24831653;21.61256443;20.59087562;18.98144983
35;21.73745283;23.56110357;24.19983669;25.73881283;26.75163691;28.80103311;30.70038551;32.593456;34.21110243;35.33227556;35.70716641;35.71382137;35.38688242;34.71731487;32.62330503;31.38452279;31.04358992;29.49063969;28.42556374;26.28506686;25.75502683;24.57924658;23.55814939;21.54004725;19.90929729;18.09304688;17.79419496;15.70282608
35;23.7248028;25.54965109;26.03621937;26.79521461;28.4857707;29.39863761;30.56288205;31.95823955;33.33550677;35.30541714;35.87081978;35.83884053;35.80945433;33.67972685;32.54360443;31.41860653;31.2171719;29.40053248;27.34455989;25.65097644;24.91235281;24.78206907;23.82424535;23.07530681;22.68955173;21.02186052;20.98253732;19.35129848
35;27.34385808;28.08479584;28.23199205;28.72299495;29.63146853;30.27157352;31.57800267;32.62802962;32.94910782;33.66484095;35.60498624;35.37689244;35.47638593;33.97265812;33.54291617;32.40897364;30.85368383;29.75302654;29.62325962;27.60672695;27.05359424;25.54634553;24.4595969;24.28982964;23.14015674;21.71524056;20.9928711;19.18279431
35;26.05819812;26.70895158;28.57162909;28.92383598;31.10959147;31.65060528;32.2195044;32.36870152;34.27085797;34.93933174;35.74588256;35.76756447;35.66691216;35.2396643;33.80931762;32.02221566;31.72655472;30.89537059;30.63066187;28.48632474;28.16437198;27.34592532;26.73122722;26.24775973;24.27228539;23.37167781;21.36369735;19.56899002
35;25.14098476;26.06353853;26.98063617;27.07146081;28.52072322;30.05916625;30.18028255;32.29149355;33.65776015;34.50044463;35.54403073;35.61985779;35.76686903;34.54718926;34.14477553;33.49658607;32.66190429;32.09469761;31.57209659;30.70397716;29.9057996;28.65341181;28.53022639;27.8915281;26.37002482;25.43385874;25.02077071;23.97820903
35;23.53761156;24.24558485;25.05730346;25.2892613;27.07538961;27.40823632;29.00840045;31.19496057;33.01135384;34.45108602;35.61465766;35.87898201;35.72532161;35.46550071;33.45796909;33.12368256;31.33763261;30.16542229;28.23003396;27.04702806;26.80469116;26.07396186;25.84940125;24.55764171;24.41948165;23.16857632;21.26240991;20.36735978
40;30.16032023;31.83770134;32.46316189;33.96773589;36.11594061;37.28930461;37.46904586;37.59006505;38.65893685;40.27113927;40.67595336;40.237773;40.77855558;38.96479579;36.85669961;35.47394682;34.52383195;34.44427967;33.84369889;32.04219208;29.92017475;28.63181879;27.18494044;26.72356414;26.40840022;25.9156096;25.66687248;23.94025212
40;27.64423875;29.01188033;31.16649619;31.6658286;32.77296422;34.4110448;34.96836613;36.4902409;37.58460284;39.73262879;40.2354056;40.02483704;40.45494207;39.01696762;39.00888171;38.42854882;36.44768477;35.40273741;34.76470072;33.46951769;32.22236589;31.48380966;29.44163082;28.75117199;27.40609388;26.12910922;24.24363195;23.88241146
40;27.73530776;28.40180208;28.63601965;29.43438066;31.12342656;31.88620412;34.04473712;35.84718446;36.60942606;38.12749776;40.21277622;40.03900631;40.11464964;38.70581781;36.65675807;36.51047013;35.8779157;35.17013048;34.14880394;33.37004752;31.36918586;30.93693197;30.88171848;29.31016556;28.75448033;27.56082673;25.92282444;25.02509119
40;29.00905576;30.04496693;30.29784235;31.49905401;32.55402824;34.71824306;35.56823602;35.63596537;37.37905411;39.2859287;40.80995123;40.79690964;40.8638381;40.61301334;40.10125063;38.14127934;37.63841368;36.70214366;35.62032159;35.47823575;33.83661789;32.29818274;31.75791333;29.93696267;29.91398076;29.10720299;28.96356398;27.02145099
40;27.63765806;27.94084858;29.68808269;31.6970426;32.30094027;33.63106342;35.20660954;36.55377091;37.84893116;38.94876593;40.9403475;40.9114207;40.35984044;39.60178057;38.91274214;37.99508223;37.43878992;36.27087348;34.20182202;32.07567757;31.19399507;30.09826641;29.4140575;28.12835119;26.3803466;24.8412608;24.53663714;23.06868784
40;28.85856573;29.08077156;29.57874779;31.26035386;31.28699495;32.85033635;34.38420566;35.86633622;37.21536493;38.82450716;40.59441676;40.79897505;40.43761581;39.40639903;39.38961985;38.54750291;37.57790546;35.6118297;33.46579398;33.25876295;31.91963639;29.80297372;28.70040517;27.10729468;25.03117101;23.29596077;21.2208378;19.33072347
40;29.61065923;30.73662899;32.84931131;33.60269984;35.0042329;36.83951872;37.32886149;38.0051905;39.24281965;39.36899438;40.71687583;40.22428672;40.60018348;39.91561636;38.12312892;36.81400061;34.71296227;34.67879143;34.33863504;32.27568805;31.84368697;31.33063213;30.48396313;29.01178773;27.15468921;25.42028292;24.24659108;23.40389424
40;31.92162455;32.25901745;32.39637064;32.82775233;33.91379445;35.56368479;37.60273509;37.82338255;39.28820369;40.30825211;40.96701238;40.17093255;40.15977362;38.36085915;37.42435597;35.36421505;33.32016728;32.96533785;31.49610057;30.93144106;29.98932753;29.91553885;28.91466305;26.83485413;25.38429625;24.89956917;24.3758444;24.04203859
40;27.67144416;28.51450084;29.96574648;30.74523546;31.8338159;33.47029499;35.05029129;36.55816938;38.74492075;39.29580793;40.28542086;40.47390729;40.53088942;39.49924715;39.17671278;38.12289289;36.83347245;36.62208037;34.68064259;32.57912047;31.7722582;30.01639691;28.82825134;27.83086962;27.38005306;25.24131408;24.32294019;23.54315904
40;27.28409586;28.71908596;30.40003582;31.68404466;33.0288787;33.70498842;34.11371672;35.104996;36.51485142;38.51762676;40.58516191;40.84421587;40.95550696;39.35687979;38.14793449;37.24364459;36.23827991;36.02290882;34.52586333;33.48195199;33.29721043;31.20762553;30.09176351;29.37057709;27.2946052;26.21505785;25.66986423;23.59831843
40;30.95916833;31.45728892;31.79289382;32.16678495;33.15814475;33.45802022;34.69950714;36.0220461;36.92793138;39.08292305;40.18233969;40.5344371;40.7123764;39.61218269;37.92793672;36.18980719;33.99572598;33.24341144;31.30095118;30.29372356;29.1256786;28.92585563;27.12133829;26.72367296;26.31172348;25.09294734;24.79732055;23.93175542
40;27.7192351;29.2657104;30.94600429;32.56800279;33.62797069;33.75027603;35.27946817;35.78345005;37.80885416;38.65458415;40.05393188;40.97753441;40.31091156;39.1004325;37.01784959;36.86672661;36.33179618;34.41362991;34.16571181;32.13332696;29.95244086;29.21011305;27.67363896;25.56073927;24.52856518;24.38435872;23.95626911;23.09886275
40;25.64535516;27.15345299;27.6063081;28.90014408;30.74621373;32.55228636;34.47598869;35.9190635;37.14406002;38.87624172;40.7819042;40.8093541;40.38239808;38.21317383;37.31752402;36.75858038;36.67039103;36.23946806;34.20882793;34.20171072;32.23771695;31.80122363;30.05752807;29.08622958;27.23410651;27.09092;25.40462073;24.51721387
40;29.09843335;31.12349333;31.99993745;32.10229644;33.58356656;33.76616205;34.30058157;35.86244476;38.05530063;40.01251745;40.97512863;40.02269368;40.78075864;40.3474994;38.48400987;36.96980191;36.5924263;36.257849;35.03551074;34.16170195;33.12112488;32.59229419;31.28238614;29.91518046;28.67676919;27.71438308;27.38980792;27.05360239
40;28.32501486;30.41135608;31.67001077;32.749954;33.0947763;34.12552967;34.77767397;36.46733698;37.00455598;38.01189921;40.16778044;40.67140096;40.21411054;38.69278192;38.21132098;36.59170117;36.08550526;35.19168969;34.04443808;32.30979549;32.24511711;30.38228464;28.83188541;27.33707312;25.61209633;24.06373681;22.69412272;22.44204361
40;31.01325444;32.09800941;32.55453606;33.0261388;33.378684;35.41589635;36.9855693;37.34687861;39.04324659;39.51027727;40.53282956;40.28309448;40.29925089;38.78821966;38.71293815;36.8752018;36.29693521;35.04580087;34.27733767;33.86443458;33.11520681;32.30383046;30.89081161;29.29145112;28.65244093;28.5465442;27.9012701;25.71511871
40;28.99730303;29.2734112;30.46187794;32.57114831;34.61837252;36.17669366;36.35963356;37.08568813;38.15528363;39.57533445;40.64710634;40.54867457;40.34745746;39.65221519;38.59712815;37.06615108;36.81116176;35.93358242;34.95959735;34.74438854;32.74067232;31.1634403;30.4928317;29.94533847;28.1836481;27.19951313;26.39870662;25.62305191
40;30.15741143;31.08867032;32.05424382;33.50648591;34.08495457;34.11446051;34.26321438;36.40603378;37.3408155;38.48514387;40.30956646;40.70288119;40.15514721;37.9833358;35.78646505;33.6441561;33.49168217;33.17312189;30.99590778;29.16351705;29.09249371;28.68778498;28.59557454;27.31942393;27.20109763;25.27203349;23.71043751;22.67958545
40;28.69792377;28.93273632;30.50510587;31.07177906;32.25869823;32.58181218;34.39725384;36.3539065;37.98303395;38.67491554;40.44861441;40.43672053;40.44135763;39.37356758;37.9790247;37.76134807;36.42212946;35.41815221;33.39296152;32.84391726;30.90466731;29.52854048;27.35012699;26.10088086;24.23744889;23.77227482;22.15708731;21.84904708
40;33.44565627;34.37949305;35.54810782;36.14928347;37.34868206;37.96780059;38.60146458;39.36941504;39.87459385;40.11168451;40.75679231;40.34114433;40.67670695;40.37967235;39.6689538;37.71268833;37.54103189;37.40765757;36.2435561;35.51970698;34.53622888;32.69931168;31.78869975;30.15346861;29.28397355;28.47614433;26.98982278;24.94135613
45;38.64774706;38.87079054;39.18268578;39.74557821;39.81307733;40.44131452;41.98120492;43.29576807;43.5588469;44.40905779;45.37655232;45.58570562;45.26373579;44.76509487;43.23732129;42.27557055;40.64815637;38.55770235;38.35477354;36.9004499;35.13170853;33.35317777;33.32512614;31.82609541;30.44813241;28.74378898;28.25673263;26.85822242
45;33.58461485;35.14851156;36.75044944;36.91013495;38.56450122;39.33784538;41.46170771;42.30766522;43.53102553;43.53810506;45.57682131;45.96272383;45.7374104;45.14618487;42.98710843;41.12580316;40.55068246;38.61477782;37.21670829;35.69480009;34.58887912;33.93671793;32.12649553;31.11489163;29.57177076;28.4032887;28.04231736;26.00056802
45;35.27040866;35.94861744;36.20097306;37.89418454;39.87857866;42.05250808;42.98018115;43.19900158;43.31903331;43.41461562;45.19716616;45.98145871;45.61128211;44.49369092;43.19917336;41.73522492;40.63332436;39.57657666;39.14966823;37.62214897;35.73635116;33.86877608;32.65435485;32.57609305;31.25925477;30.83226485;29.47576891;27.87653825
45;36.2257132;37.11987888;37.21139367;37.54391858;38.19066344;39.64474988;41.01438039;41.60578398;42.24588401;44.16545298;45.13988996;45.98341975;45.92205436;44.54099561;43.10779121;42.02838421;40.58612836;39.23297155;39.19791312;37.49817106;36.97899842;35.33284621;34.69525106;34.36566415;34.27528726;33.76557932;31.99933066;30.86420841
45;34.87472133;36.34156966;38.39434317;39.20516225;40.90556157;41.5497509;41.71541716;41.99994063;42.7308479;43.14969282;45.34089223;45.01601617;45.89415589;45.2715505;43.61340495;43.41307418;42.25168421;42.1107966;40.69343148;38.59292771;38.50832146;38.30645998;38.21867924;37.4065637;37.25251452;35.36341806;33.90172112;33.52138007
45;35.0904308;35.59217998;37.72906322;39.35195555;40.09355428;41.62376503;43.09651991;43.53277878;44.08210269;45.32377393;45.57840851;45.52720472;45.53385396;44.72307411;43.70051666;41.99719618;40.45485737;40.05788184;38.4668429;37.59809895;35.68158159;34.29463412;32.91349462;31.71868675;30.98627413;30.43634987;28.95597647;26.83007935
45;34.184115;35.40612936;35.57048525;36.71770251;37.45858351;38.52252788;39.96259222;41.10991497;43.23266624;43.96233736;45.06718724;45.55296735;45.16606955;44.02200844;42.55061142;40.58866115;38.63720834;37.10487585;36.70372751;36.14014564;34.01708948;32.39372047;31.46282347;30.42883037;30.27431904;30.03171947;29.39724536;28.63346977
45;37.11830025;37.97072018;38.4014272;40.17449758;41.22328516;42.18760277;42.46344926;43.28985225;44.78822211;45.29549957;45.74149136;45.86980402;45.57451394;43.87281956;43.78073794;41.68446793;40.5820606;38.58952001;38.11990633;36.2439476;35.7147185;33.8662206;31.69499682;30.76093196;28.58449678;26.49426697;25.02578733;23.97634308
45;36.27691926;36.29030438;38.10433591;39.96478352;41.41032507;41.80641447;42.31889716;42.82307841;43.9103577;44.57153203;45.59406998;45.96610021;45.87644183;44.77724692;43.00237219;41.43289763;40.92833749;39.89227612;38.1297048;36.27630144;35.73307251;34.07325812;32.86007331;32.72239875;31.96973725;31.58488181;30.06081106;28.44845659
45;33.87704748;35.42759652;35.83222723;36.50282909;38.00950301;40.12624939;42.32575726;44.06727217;44.78046965;45.22203961;45.81918857;45.27469899;45.15047001;44.96463503;43.37923246;42.8468113;40.82221337;40.75540106;40.48913946;39.83633468;39.61345369;38.48981473;36.45347015;35.17174049;34.28763703;33.61908064;33.1697216;33.11584005
45;34.08620534;35.82754072;36.87052267;37.83058769;37.90529715;38.67596465;40.85869549;40.88765769;41.96366082;43.59758145;45.5823859;45.89446035;45.82471346;45.04326134;44.83061737;42.97857314;40.91725383;38.90405828;38.8310111;37.52329387;36.2769257;35.62953305;33.54519381;31.37433754;30.62399809;30.0581029;27.93881204;27.1529706
45;36.58473722;36.61703234;37.54424905;39.33383478;39.39148222;39.43143526;39.63974728;41.71360426;42.5563786;44.45138656;45.0619696;45.25602464;45.24857339;43.44541111;42.78211498;41.60082048;41.01966627;40.36021492;40.28687141;38.70119474;37.25377573;36.66259722;36.01480353;35.05053036;34.15748406;32.62003107;31.77394015;31.75144972
45;37.54406135;37.87656241;39.01854773;39.95414069;41.04367559;42.00569627;42.07492509;42.6899621;43.76904354;44.03231047;45.3110139;45.2353874;45.13198722;43.67613137;42.18074451;40.35747032;38.15965192;37.87646548;36.11623304;35.42189123;34.85179047;34.16046744;32.84772641;32.83209424;30.90786099;30.30283582;28.17291451;28.17205707
45;29.53229272;31.45820386;32.50016732;33.77612671;35.61649199;37.70629045;38.15701935;40.35680908;41.94613913;43.82203616;45.92847948;45.50293569;45.46263173;43.52599872;42.22417149;41.07341172;40.67991805;40.33354617;39.92992551;39.24675816;37.06133992;36.8042817;35.09185007;33.96858257;33.69209975;32.7403209;32.3012259;30.37397685
45;32.88053797;34.70734052;35.89018641;36.75678457;37.55898055;39.3199545;41.33455658;43.14914007;43.82353475;45.39933776;45.9586651;45.96464207;45.22670231;44.1384238;42.38601514;41.05733622;40.89032689;39.79546738;37.61333373;35.44578548;34.53622978;33.61887249;32.09507569;30.16250542;29.05770131;28.44032752;26.49698131;26.34889672
45;34.21412137;35.79950199;36.32882024;37.68415978;38.92995982;39.91626673;40.1583249;41.7680442;42.20196224;43.53229137;45.55317622;45.08687599;45.45869523;43.91028544;42.63236876;41.58700341;40.47417166;39.06311913;37.57923686;36.24268549;35.00683637;33.34619931;31.69379982;31.09836346;29.3988902;28.01403333;27.35955258;26.58717417
45;34.51905969;34.68038449;36.1371803;37.81256094;38.36054038;39.15177039;40.80578772;42.22283545;43.14734032;44.96815212;45.52363105;45.70540965;45.50964052;44.32854415;42.33556164;41.84305131;41.30596765;40.80199417;38.88398723;38.75974771;36.65427749;36.13861788;34.15228222;32.16973814;30.3192433;29.42181108;29.07862512;28.85855881
45;35.03293996;36.05415939;37.35983906;38.1732141;38.52306138;40.28884451;41.96029116;43.23437038;44.66815597;45.06591263;45.40304903;45.80436216;45.28714357;44.39683217;43.73557063;42.27209341;40.44947035;38.98990514;37.21878023;36.28034114;35.49163244;34.51694954;33.49751659;31.65031006;31.28955999;30.60290648;28.53142243;28.16026579
45;32.77447748;34.92967736;35.23811767;36.15293976;37.0616171;39.17785864;41.09045691;41.911817;44.02196138;44.45490474;45.0083775;45.6958355;45.39090006;44.69674179;42.51992053;42.15674789;41.46175635;39.6591436;38.09473876;37.8994382;36.3925753;35.39242001;33.71398093;33.17417793;31.72097711;30.19913284;28.41093491;27.47673155
45;36.69499525;37.87056344;39.0066202;39.09077645;39.2185523;40.22288676;40.69047706;40.75137757;42.90793786;45.09587036;45.6338622;45.2830726;45.2800635;44.41894947;43.43709317;42.89961623;41.44020293;39.78018556;38.98158787;38.46947071;37.0822927;35.20807032;34.50400849;33.05272528;31.05994355;30.67283804;29.89424962;28.15482104
50;37.4376009;39.02591172;39.71954754;41.8371962;42.81805021;43.77135639;45.19365023;47.10736557;48.26274834;48.72721345;50.60484217;50.69633087;50.2717856;49.10978669;46.96736771;46.08037152;45.31205609;43.68531242;42.3664333;41.70999907;39.92491584;39.58110298;37.46616987;35.94681404;35.64584312;34.68124193;33.85108545;32.85229122
50;43.52987622;43.96571768;45.90717776;46.56863702;46.93142437;48.47602215;50.0946146;50.36902171;50.45602315;50.92496053;50.97645485;50.05746393;50.04036941;48.49163812;47.27831268;47.16447205;46.53458855;45.34473346;43.30450614;41.17451175;40.40158985;38.58409653;37.79394166;37.67958044;37.57505167;35.97206331;34.80932605;34.63139696
50;38.85209969;39.03576866;40.46500675;40.95488121;42.3320517;43.92145353;46.06092825;46.47601209;47.79930249;49.78754296;50.73604386;50.55365886;50.45899464;49.63521996;48.52224824;48.19235892;46.23103235;45.28759734;44.6208961;43.72117626;43.2640131;42.3792813;40.70145716;39.99282728;39.77692281;38.20944578;37.17722903;35.63463918
50;40.07009113;41.37800234;43.17184397;44.40851838;45.93039026;46.36273807;47.15836221;48.04335854;48.21196979;49.33199021;50.45723248;50.41146477;50.66826896;50.24532804;48.71877918;46.84592269;44.78170032;44.0716564;43.61684605;42.56241837;40.96766773;39.20803628;38.36737619;37.14728789;37.02984412;36.75878372;36.69239217;35.93095181
50;39.77942844;40.50817084;41.44746117;42.06574993;44.02623521;45.9858926;47.58680528;48.22503414;48.78688015;50.27701008;50.47051096;50.11332277;50.52884097;50.08866913;48.20827501;46.1649087;46.03687652;44.84417257;44.01633527;42.84724737;41.86321064;40.82283077;40.12247658;39.2755729;37.54966682;36.14393299;35.51527894;34.47231396
50;37.2656761;38.79573193;39.47199442;40.40553688;41.28316484;43.47416942;44.77685258;46.05276066;46.95209698;48.87783509;50.90661677;50.39666463;50.77590909;49.12913365;47.17917388;45.25810869;44.96289562;44.3698975;43.72276178;43.64229548;42.03474574;40.00874123;39.90553308;38.97806515;37.03308125;36.24857187;34.06100378;32.57666065
50;36.26692946;38.27346105;39.9047782;41.9446444;42.50959436;43.55944278;45.49436262;47.66882815;49.05447913;49.46175397;50.36358105;50.88032706;50.18757095;50.10196901;49.85201669;48.69235608;48.58556193;48.54371762;47.09922127;45.36446255;43.97031941;43.39615363;41.23505897;40.96791478;40.32929325;38.99146553;38.33321662;38.2935686
50;38.65705253;39.43992282;39.85324172;41.60127574;43.24574839;45.34264533;47.52076339;47.855487;49.19049262;50.03398885;50.94757534;50.85738508;50.79393717;48.99214919;47.78098044;47.3247439;46.25451413;44.40371639;43.94725331;43.23145526;43.13333492;41.71806486;40.98812983;40.57989188;38.9294687;38.30621216;38.10783075;35.97200893
50;44.08306427;46.258191;46.40361551;48.26015262;48.28961719;48.65356047;48.92717004;49.84775371;50.19879964;50.22414538;50.54804943;50.48306545;50.85387289;48.84214672;48.83277023;47.74925077;47.58711254;45.81737284;44.56992367;43.0831246;42.37130196;41.58490404;39.43341728;38.6450759;36.83912924;34.99484983;32.81388264;32.43151934
50;38.26610554;40.19661202;41.07934833;41.87518363;43.58260023;45.33951773;45.77380054;47.52844949;47.77269174;49.24492487;50.07485975;50.52075407;50.76770407;49.04644359;46.89082857;45.92263762;44.63788253;42.5786012;41.55255357;41.16595692;40.49878426;39.01577687;38.66252737;37.7758269;36.35757035;35.58894452;34.28892426;33.94641471
50;39.68107244;41.09405164;42.3837626;42.39835922;42.59637447;42.61266706;43.4159477;44.81786819;46.29423197;48.45693685;50.0249844;50.85910051;50.85700752;49.62687394;47.90329919;47.11087714;45.79442374;45.43420561;44.99413167;43.13065503;41.57123456;40.62738721;38.66608805;37.45101206;36.43418166;34.94282491;33.36721142;33.17170342
50;38.87119066;39.84174639;40.42739437;42.0960285;43.34859914;45.02172127;45.58507528;47.4529428;49.54878125;50.42866118;50.71661041;50.74015354;50.96751663;49.55853587;48.34855434;47.54702068;46.40393354;44.77688509;43.70316495;42.38251911;41.05912985;39.32037353;38.29575444;38.17639376;37.02998401;35.90772448;34.68607606;34.42691116
50;40.52280632;41.92269202;43.0723636;44.51587014;44.87267488;45.26485961;46.06203318;47.89639262;47.97734119;48.44287828;50.02902642;50.12678745;50.72908948;49.12116271;48.58951241;46.69682942;46.09321596;44.70807427;44.19016988;42.98738224;41.42560372;41.06250029;39.91292774;39.33027665;37.96891911;35.98347581;35.87059933;35.62050178
50;41.90316991;43.75157572;45.11748751;45.49693502;46.44518472;46.46793435;46.55699397;47.96450664;49.75531877;50.01630465;50.8454858;50.17221693;50.01410604;49.36023205;49.29981628;47.25917095;45.54326222;44.43178587;42.96805537;41.92305174;41.20355056;40.16164149;38.51535579;38.30639449;37.45192107;36.22457494;34.84242559;34.70547171
50;39.1765797;39.27612984;40.47080891;42.37321412;44.48876469;45.23936909;46.47383997;46.77247707;47.76277998;49.87060711;50.16974266;50.3549528;50.32592669;49.36235808;48.06344757;46.37430671;45.0194478;43.71985396;43.2239634;41.41689253;39.88319657;39.79021655;37.97700902;36.39260487;35.9875173;34.74466315;33.80526504;31.77727719
50;37.23955252;39.23614231;39.26968496;40.9773485;43.14404089;44.81001341;46.06557128;47.61715502;47.74623234;49.25559063;50.00838488;50.46524817;50.43743836;48.2699032;47.65585299;46.22123455;44.28842795;42.44138022;41.58016577;40.28768198;40.09472392;38.41021561;37.47233426;35.47925319;35.01699104;34.65554103;32.82884885;31.96443571
50;36.32994949;37.74569392;38.87051222;40.49295561;40.98836829;42.94305751;44.55392326;45.84680262;47.07264458;49.18913317;50.544813;50.62970241;50.39395956;50.22295364;50.05781387;47.95807468;46.73403974;45.93908306;45.63487949;43.86182331;42.81567687;42.59673482;41.05435121;40.31877084;39.24956993;38.62127536;38.59440295;37.5650423
50;41.0049468;42.0405734;42.80863628;43.80128534;44.54350891;45.16508321;46.98423651;47.38731209;49.24668082;49.56328979;50.96927226;50.16308026;50.5099987;48.80730067;46.89541205;45.62047874;44.79110601;44.64636708;43.98492315;42.03801381;41.79949462;39.65156269;37.79160777;36.44617051;34.88339962;33.60358613;33.57125392;32.63718095
50;44.87098273;45.5092777;46.07313594;46.75646315;47.17685009;48.17504858;48.90432061;49.3469057;49.60238277;49.85320415;50.48156862;50.76474218;50.85043593;48.70652354;46.97886762;44.90343973;44.54053704;42.94427372;42.27967601;41.11303961;41.10246852;40.09474712;38.91481803;37.51941429;35.32166997;33.28618697;32.81241215;31.45392291
50;37.5452359;37.90802896;39.32332245;40.30191929;41.01834887;42.68979903;43.80365783;45.93662633;47.76226193;49.0286035;50.11506475;50.74682555;50.5157543;49.98805827;48.58037288;48.32959956;46.30700271;44.1556512;42.93021247;41.26751249;39.79367429;39.03478276;37.97710563;37.09767405;35.86850309;34.62150628;32.7852255;32.5113837
55;44.42753097;44.50291914;46.43338543;47.86367657;48.82660875;50.19556375;50.37732962;51.46250897;53.1098963;53.7531395;55.77968403;55.38394479;55.07908915;54.80231178;52.75630813;51.29058106;49.25544531;48.50105361;48.39648945;46.89538599;46.23464872;44.79563474;44.07861586;43.50043848;42.14323287;41.90749311;41.34086706;41.3171665
55;46.63990512;47.42938263;47.54627033;48.99626621;51.05075454;51.97271542;52.11911351;52.61431648;53.34151879;54.94012939;55.31936909;55.05719382;55.31942285;54.72693772;52.88836321;52.8222589;50.62679006;48.62701994;47.28723526;45.86709009;44.33619315;43.0199768;42.192908;41.90823897;39.98720279;37.90647353;37.67063481;37.26810332
55;43.9159629;44.54685894;46.56981694;47.2651288;48.84869979;50.66725617;52.28783085;53.56154337;53.71972323;55.59309834;55.69810135;55.82567653;55.67623091;55.25441599;54.37449718;52.73342946;51.5554865;50.772901;48.79086786;48.6520345;46.55267864;45.45099759;45.06989713;42.93315623;41.05857642;40.79389955;40.42824585;38.94862682
55;45.41671799;46.14710784;46.64631721;47.03783121;47.88364913;49.0918415;49.87174921;51.26762881;53.39918485;55.58807376;55.90643099;55.95821748;55.48881891;54.87673835;53.63268281;52.94180455;50.8449501;50.21600916;49.33708299;47.78455922;47.06602572;45.64571926;44.63869679;44.54422745;44.09940167;43.44384916;41.47185155;39.77410389
55;43.53795961;45.43248297;47.59170299;47.80779556;49.88940171;50.35688082;50.7076036;51.36731724;53.3161349;53.78554528;55.50930052;55.00081558;55.03038522;54.99393922;52.98669217;52.04365911;50.15958447;50.03083608;48.57877162;47.16335616;46.13727542;44.68878142;44.50593512;42.95854629;42.40485684;40.88340006;40.01999132;38.19317689
55;47.94996102;49.34149078;49.44096391;51.31263102;53.23728151;53.58380243;53.77795412;54.1504392;54.76443404;55.21048909;55.49942077;55.53201846;55.79537337;54.138071;52.7875915;51.2764628;50.03775419;49.0849743;48.52586818;47.43452685;45.37755428;44.67316033;43.40254742;42.7846432;40.81587335;39.56807387;39.56372183;37.37378828
55;45.07357137;46.03208436;46.85800275;48.65846967;49.11582376;49.9065256;50.99128719;52.94896541;53.17652184;54.87349943;55.24150812;55.37337303;55.00362716;53.06472259;52.67809341;52.36913177;52.1773633;51.39508153;49.86201047;47.90378037;47.86252898;46.77893817;45.49450247;43.6135864;41.5375736;40.35206015;40.07103517;39.05432726
55;45.71469818;45.77894524;47.90281407;49.19661919;51.25740744;51.33591018;52.52799809;54.51584312;54.89649328;55.36825628;55.80003484;55.0559756;55.50289717;54.74254926;54.37478987;53.12762062;52.34301486;50.40587009;49.75012961;49.30056856;48.32487713;46.71657331;45.96871545;44.36894867;43.64114063;41.84853375;40.77948863;40.24889374
55;45.57774172;46.35561118;47.75069441;48.40543371;48.6871314;49.59419353;50.42066824;51.31399338;53.35725318;54.39132834;55.63443642;55.74058368;55.96787478;54.32999838;52.35912917;52.21909926;52.13632904;50.05192999;49.57141967;49.44040966;49.01316723;48.91596599;48.00702205;46.08892768;45.63383471;43.59329234;43.34452358;41.20624653
55;44.59403164;45.46908073;46.47327847;47.89534848;48.81330978;50.25879705;51.37360609;51.61945036;52.66509396;54.40076857;55.78681601;55.70582969;55.84354691;55.77950554;54.12932884;52.00683159;49.92723014;48.40086992;46.216568;45.90717015;44.6536271;42.89315802;41.66946921;39.99714847;39.14999666;39.11132987;37.5763297;36.78703627
55;43.14723969;45.26771108;45.51488176;47.50115931;49.20096314;49.76656876;50.22524269;51.18355746;53.02285033;53.34637114;55.23386547;55.15767021;55.39086513;54.6702522;53.9221638;51.98160817;50.11448406;49.25546486;47.58919803;47.58909133;45.66244092;44.13515576;42.34922099;40.62579678;40.2200616;39.29224306;38.92106239;37.65788494
55;45.68003579;45.960743;46.20955371;46.38257783;47.48008639;49.19551475;49.9556455;51.8941034;53.69016836;54.2824799;55.27175652;55.37922654;55.66400813;53.70936139;52.54384978;50.47199289;48.73992599;46.80979582;46.49413885;45.63078427;45.29595826;45.04877843;43.33918928;42.4359658;40.46975244;39.92843752;38.70688715;37.6892585
55;42.3873239;44.36037294;46.41868386;46.95689697;48.3568969;49.47650745;51.1278313;52.91213571;53.39010769;54.48462143;55.01502622;55.31887977;55.80300225;55.57459612;54.87382055;53.54152845;53.29836092;52.60914985;51.13747419;50.23941617;48.67808481;48.4295893;48.04088599;46.78731951;45.46398679;45.1471436;44.46060794;44.44391185
55;45.43407958;47.06758022;48.70462439;50.39838498;51.05181779;51.54959125;51.8009624;52.18140605;53.9410891;54.90048335;55.69136354;55.4299834;55.09327427;54.97593927;54.19227861;52.11138693;50.0102982;49.28707061;47.42427094;45.84929697;44.18081022;43.06770541;43.02791656;41.81537798;39.74687633;39.4284599;38.89185065;37.3157776
55;46.04660157;47.19202645;47.60158371;49.1568491;50.15055176;50.38709416;52.06463968;53.45599473;53.69753029;54.9994701;55.40842575;55.13241787;55.73177214;55.48747552;54.69827849;53.27765642;52.20384958;50.47386514;49.36879657;48.5409902;46.70259336;44.82946679;43.10344359;41.3309194;39.13477977;38.32821051;36.42834556;36.05823824
55;42.95357549;44.75691426;46.19663332;47.46063094;48.6434841;49.84387009;51.7611783;52.40619584;52.47559533;54.31157286;55.35871136;55.1591086;55.00756731;53.85255991;53.75571704;53.74954841;53.25638601;52.18856842;50.16192206;48.01759392;45.84778221;44.26614146;43.95346689;42.50214393;41.92493546;40.0375258;38.02240628;36.76479641
55;44.51733811;45.4139392;47.07115716;47.89886962;48.3306842;49.86398704;51.364237;51.65599827;52.07898338;53.16636214;55.15581638;55.26433258;55.23010314;54.86739308;52.88128122;52.51259979;50.71224157;49.31670404;47.98676452;47.24146539;46.77031012;46.15985514;44.88959611;44.76993878;44.16645005;42.47434451;40.74813322;39.54865002
55;43.23998045;43.60392085;43.75217603;44.86399372;46.59809141;47.79806109;49.28701134;50.84210688;52.69584556;54.30904686;55.990491;55.82773966;55.94950981;55.13059523;54.52795452;54.10057111;53.49119534;51.76195761;50.39059473;48.35129857;46.31131913;44.99446606;44.55203215;42.75184938;40.73109763;39.60148666;37.50392509;37.08718149
55;44.70130222;46.84632581;47.93954396;49.11888542;51.26107931;51.56126767;52.77941375;54.5687591;55.45925399;55.52742138;55.74889916;55.57795746;55.97551144;54.29567832;54.24475818;53.99747461;53.55898268;52.77090463;50.70043992;49.7350689;48.62422008;48.60015298;47.81610675;47.21730824;45.63091394;44.75079104;43.11578197;42.95673048
55;45.56789502;47.70208539;48.66677734;49.14408128;50.96612454;51.26255235;52.83372524;53.56424489;53.62301161;54.91449497;55.2273789;55.99576409;55.13981921;53.92106159;52.02951596;50.32333581;49.31882993;48.64418499;48.00500396;46.54271609;44.61911915;43.65080664;42.93878839;41.26601487;40.12496062;38.9558098;38.73477229;37.38653789
60;47.10055592;48.63795792;50.83151385;52.88748728;53.67237866;53.86373156;55.18212794;56.64943428;57.28477616;59.22225246;60.3581369;60.22066838;60.19505182;59.31334568;58.67058373;58.52045452;57.53802201;55.58945188;54.13558426;52.27102188;50.74201302;49.56962788;48.51030224;48.36416389;46.81361372;46.44780501;45.23920397;45.02749577
60;48.68831196;50.78995197;50.88462407;51.65741903;53.40669634;54.51818055;55.08613233;55.91709019;57.7019667;58.72786589;60.29230177;60.15326767;60.27685384;59.56434902;59.1309202;58.39215191;58.12672526;57.87523257;56.39591924;56.33560848;56.29749405;54.29965215;52.24250787;51.3926806;50.98439436;49.21511416;47.21101296;45.59790982
60;51.94226059;52.59444326;53.18189557;55.23355204;56.49251958;58.493608;58.71961163;58.94049517;59.74704943;60.53292123;60.96235161;60.24223696;60.72172355;58.64680306;58.26784299;56.33225294;54.88989882;54.84977743;52.65326313;50.45981138;50.0294446;47.94126546;47.7418482;45.90388416;44.90566854;43.21899;41.47546175;40.64419458
60;50.70000561;51.28494672;53.20614605;53.81308967;55.57395817;56.23610549;56.41710636;57.44032967;58.16879286;58.65104291;60.62778793;60.04991604;60.88013497;60.57103252;59.61234353;59.51746698;58.66582774;58.5652411;58.48149425;57.68516163;56.84773091;56.37905345;56.07175588;54.76877854;54.48769169;52.74372199;51.58538495;49.9879679
60;47.00092546;47.57572964;49.65617362;51.08377623;51.62741464;53.09790907;54.03938494;56.13657092;57.38257141;58.93956965;60.25404021;60.35627819;60.60702198;60.29952119;59.83343534;59.48614649;57.79628704;55.70566894;54.85203026;54.15061883;53.35003264;51.2227256;49.57026673;47.51122878;46.1241472;44.00302014;42.95003212;40.9926227
60;48.7463918;49.59661156;50.17589021;51.06626609;52.67958131;54.47602523;56.49928564;57.5887386;58.40036989;58.69565131;60.18661839;60.22257991;60.6952843;59.91638909;59.62309872;58.39686244;56.65789931;56.63300859;55.44886711;54.23040059;53.7172789;52.34603736;50.90386324;50.81429613;49.52191654;49.37968865;47.40783607;46.38672766
60;50.02591731;50.62708558;52.498603;53.40691232;55.06528112;56.64265677;56.68369422;58.00573679;59.23973569;59.49805521;60.77097966;60.5953146;60.20106252;60.19155635;59.62887718;58.63521675;57.33659102;56.68464374;55.03741602;52.87866557;51.3802632;50.87088045;50.460919;48.34638496;47.73403196;47.32530491;45.5534509;44.76603801
60;48.18025147;49.68823322;51.79620929;52.03431963;53.95966478;54.09045679;54.55547731;56.50849299;57.71045331;59.26838397;60.17051304;60.43725963;60.81805814;59.4823573;58.90611462;56.77634002;55.14599658;54.0100708;52.88981001;52.82456862;52.58693202;52.52592534;50.69929736;50.00370338;48.42251542;47.92129473;46.9879259;46.06287107
60;48.42466287;49.34621959;49.75197634;49.75319894;50.28205211;52.35775681;54.46745208;55.25345261;57.03272525;58.6216957;60.41853574;60.55552637;60.67097553;59.9002209;59.35116312;58.07606495;56.98522549;56.32961794;56.18162924;56.00533296;55.98958958;54.84677556;53.68999574;53.56995212;52.26186927;50.73196355;49.70945733;48.49940224
60;52.69515518;53.53834773;53.93370337;54.33309049;54.96873797;56.84456279;57.05650003;57.20456431;58.71544193;60.20714403;60.59392566;60.07308324;60.33085082;59.39442425;58.77562562;56.90349503;54.73346147;53.91164338;52.89589114;51.177852;51.10294251;48.91689872;48.82910223;48.80519336;48.37510729;47.95905269;47.61320676;46.19491466
60;49.3427264;49.99327974;50.86442405;52.06886069;52.89226472;54.72301106;56.17600057;56.80815179;57.26293324;58.0445915;60.19992361;60.88146966;60.12738765;59.33502161;58.06368307;56.80118613;55.75027162;54.77432363;54.74366318;52.86044315;52.40264551;50.87582532;48.68654028;48.13249232;47.10779762;45.54749481;45.529764;43.38098553
60;49.75291136;51.0519759;52.8976058;54.74191095;56.15974164;57.72322239;57.89517984;59.20472563;59.42905997;59.78053143;60.33222346;60.92164392;60.90875265;60.27454062;58.43016406;58.3022592;57.84051424;56.26710631;54.21624216;53.25774173;51.52204817;51.122952;51.08800575;49.82988791;49.79844202;47.73731949;45.98286558;45.48142159
60;48.83776132;49.8376004;51.84379126;53.16744986;54.84514188;55.72263626;55.82775305;57.51024482;58.6007901;58.62557183;60.71255418;60.83254283;60.23329133;59.09937421;56.99157122;55.25222924;54.54505784;52.74898808;51.85681152;50.01917288;49.22867221;48.25301843;46.27730646;46.06547764;43.96432128;43.541744;43.004254;41.62249303
60;47.50165999;48.19728049;49.60801759;51.66834433;52.54419218;54.60502724;55.44341832;57.51436808;58.31716811;59.92858161;60.51798472;60.02128458;60.61060911;60.48275063;59.23596096;58.0831228;56.54497991;55.12375489;55.10028047;53.7705174;53.34802162;52.78451905;52.52967686;51.68839601;49.94579797;49.15171466;47.12781434;45.24401553
60;47.60348503;49.33474102;50.25781717;52.39552352;54.12307452;55.76410533;55.93571042;56.52403762;58.10160014;58.46218104;60.20581874;60.51616822;60.51145481;58.52073219;58.29127672;57.38159016;57.1238003;56.29639965;55.65318358;55.15693219;55.00488999;54.19437414;53.15613363;51.00114482;49.4201854;47.82605964;47.70581328;46.82106588
60;43.41348382;45.28393493;47.34259271;48.64397459;49.21463724;51.40028517;53.60025621;55.59079741;57.50751924;59.57891344;60.63466687;60.28099508;60.04933813;58.6817124;57.40426624;55.2090294;54.09525318;53.62731773;51.84607077;50.87721711;48.74277347;47.92560978;47.0869276;46.72355882;46.58649518;45.01132226;44.83170927;44.33022275
60;49.39285597;51.55491871;51.71961732;53.21434437;54.33263935;55.90561157;56.06254094;58.24212468;58.31325267;58.62995658;60.12751302;60.83838485;60.25910324;59.18405488;57.75631234;56.89049846;56.60998903;56.52056404;54.71217802;52.67865093;52.37429848;52.29711796;50.26446746;49.00438731;47.98922162;46.46509512;45.3368896;43.84512279
60;49.88819046;50.30960712;52.23546494;52.38993796;53.94942152;54.80507721;55.73907868;56.25503776;58.08253352;58.92224112;60.35426518;60.50174453;60.3838195;59.03863367;56.94067292;56.86765253;55.15392735;54.6797011;54.51012087;53.92116042;53.18131202;52.44330132;51.90350008;50.19784936;48.27999462;47.49881731;45.70066307;44.53104714
60;52.49956371;54.07620487;54.65092462;55.60662978;57.3915326;58.71595538;58.75127309;59.45053461;59.7124697;60.16342652;60.55734875;60.58397776;60.46384097;59.95966336;59.08741556;58.81117936;56.67652465;56.10767391;54.01288273;51.92590526;50.86529026;50.55335362;49.66992322;47.96816642;46.8615533;46.84544058;46.2763878;44.50965817
60;48.27304924;50.40716432;51.95851913;52.69326126;53.37333505;53.62237603;55.52965897;56.32566567;58.20049663;58.36884709;60.05256885;60.12509053;60.57625193;60.19762095;58.84866874;58.14193336;57.78809688;56.88179974;54.74316669;54.47225208;54.06557742;52.7653703;51.42882081;49.36418815;47.82442129;47.63308356;47.20379997;46.13575161
65;58.13641564;59.05723554;59.9397403;60.15361618;61.21665474;61.58137515;62.18569458;63.80527156;65.10645026;65.56092454;65.58550727;65.43780288;65.86104337;64.44452876;63.03939814;62.92108033;62.24156213;61.71990301;60.74923766;60.62527312;59.6443381;59.17902233;57.64781358;56.60122923;55.7283273;54.05824887;53.2571291;52.02065319
65;55.36252636;55.70017524;56.41003948;58.38086337;59.82348996;60.54963305;61.00610987;61.89481235;63.30017164;63.9153557;65.37776505;65.83288763;65.79390481;65.26354958;63.75694623;62.05566464;61.08761475;60.14264516;59.43123805;59.11867937;58.75787484;58.47103231;57.04879511;55.76619826;55.3563787;53.87600798;52.73245847;52.08810989
65;55.78992266;56.33409704;56.47411441;56.99872838;58.8475401;59.99610179;61.41238897;63.22443606;63.32000863;64.80375209;65.05235801;65.22607083;65.64155595;63.78208979;62.55950822;60.78728389;59.84896048;57.82789056;56.6363413;55.4743851;54.41581676;52.29853282;51.96439153;49.98433765;47.84661087;47.40508826;46.10780801;43.99752707
65;54.36543042;55.28649368;56.88826448;57.97095518;58.96993736;60.09439652;61.95693364;62.79247404;63.65929168;64.19657446;65.18987939;65.96812444;65.41256063;65.24824413;64.27680307;62.83017271;61.0166993;59.75960253;58.82453614;56.87166854;55.72122534;54.29347766;53.57136154;51.73267599;49.60127829;48.24070567;47.26354126;45.47728984
65;55.62057401;56.97153096;57.58919452;58.57991117;58.993256;59.36338494;60.51322909;61.01567679;62.17460979;64.32560302;65.55500175;65.20338533;65.93452783;65.40498039;63.81526785;62.47748491;60.31842442;59.81391409;57.77638945;56.70893164;55.16382395;53.49872856;53.06712072;52.12021778;50.38717366;49.86527792;47.96976142;46.28672521
65;55.39913006;56.08855625;57.78359017;58.0883018;58.74727497;60.57147294;61.93493382;62.8010994;63.8768756;64.38087581;65.20887476;65.99223555;65.89732614;64.72835574;63.75721512;63.54295403;63.03194274;62.77072076;62.66745879;61.60378131;60.304384;58.72877467;58.17754532;56.88551432;56.11432418;54.93474771;54.92302139;54.52011818
65;51.26270153;52.81816593;54.88281378;56.84618222;58.95888242;60.69520009;61.22203187;62.25132874;62.29494227;63.62424805;65.57607548;65.42696594;65.12023159;63.84070742;63.20016661;62.96255767;62.69028285;62.04690026;60.18240669;59.57719838;57.97983913;56.18350572;54.63750303;52.45423866;51.52560324;51.36306085;50.1978373;48.92428261
65;54.45509687;56.02246638;56.88393847;58.51397222;59.49178537;61.32330524;62.6477857;63.30415773;65.03226468;65.05846601;65.23727193;65.10350287;65.05357227;63.33090711;61.53583077;60.13052406;59.78564456;57.68016635;57.07939999;55.45141377;54.7124694;53.14006702;51.71679841;49.95537941;47.92387988;47.18947112;46.76332109;46.09231572
65;57.66033541;58.97621165;60.00565363;60.83703545;60.86503456;60.88576574;62.59893012;63.02134158;63.57110977;65.44368218;65.84653196;65.2371938;65.06049802;63.9185052;61.77314111;61.30146194;59.74708746;57.93641877;56.60616305;56.22285728;55.83071044;54.27269388;53.51344982;52.21382159;50.9629418;48.93219401;46.7901127;45.52997098
65;55.73824032;56.11549205;56.82920164;57.74687714;59.09440299;60.98024131;62.00771899;63.32781829;63.82028625;64.20062126;65.91474093;65.29244484;65.8620455;64.18761772;62.22491747;61.11829174;59.11133553;56.93655141;55.06661074;54.10552583;53.13455163;52.17307054;51.70345859;51.35693496;50.20479064;49.49566088;48.02947926;47.98506894
65;57.89288876;59.59517972;60.02284543;60.55801562;60.93113761;61.06726984;61.95391156;63.10608454;63.45776893;63.96813598;65.73992051;65.99024455;65.95465177;64.15448682;62.55354536;60.92525063;59.12589577;58.87461293;58.04518581;56.76686224;56.04516244;55.51355624;53.52871531;52.76546198;51.18487743;49.23238696;48.96736393;47.85009708
65;55.80217492;56.84423391;57.99242077;58.58998704;59.56493159;60.86638122;62.82895546;63.94906928;65.53078383;65.83653312;65.96023263;65.51610412;65.85016209;65.17955242;64.82315448;63.56662757;63.45306713;62.7123437;62.27547976;62.09382192;61.14052541;60.13715052;59.15825848;57.84338851;56.03993018;54.80325901;53.47813909;51.58219319
65;57.47277267;58.87010778;59.30648974;59.42563255;60.38569406;61.8871219;63.87839846;63.90751846;64.03416997;64.76405515;65.99766042;65.92399083;65.08861723;62.96923111;62.38399406;62.03352066;61.76900648;60.17959711;58.74742315;56.81632878;55.03950563;52.89136764;52.55226032;51.40192771;50.03651445;48.52528797;48.09809249;47.67670061
65;52.21095905;53.04895107;53.79325374;55.63236313;57.10881857;59.08620032;61.14469047;61.65031362;63.03687893;63.29519614;65.45992175;65.26587544;65.44877935;63.3142864;62.58166381;62.44831245;60.3148018;59.91415331;58.62444995;57.90990431;55.88849791;54.64960629;53.19257495;51.18674934;50.55774797;49.76407347;49.1067912;47.74885301
65;52.89646444;54.6117419;54.87334959;57.02007384;58.24817614;58.71537858;60.13224148;61.09093052;62.8709672;64.05658377;65.37676405;65.36772488;65.33605125;64.64306241;64.47775707;63.11403113;61.72983402;60.65345071;58.6772135;56.92385369;55.29759996;54.21832022;53.36309856;51.75630231;50.4552871;48.43615815;48.4202999;46.43450571
65;52.7481701;54.25765942;56.09650055;57.28176921;58.00212393;58.70870179;60.85521278;62.82434728;64.32219921;65.7687778;65.84306965;65.78655718;65.93660976;65.82838169;63.94451776;62.13334876;60.29836594;59.82441406;59.12389176;57.21275389;55.28786395;53.83961033;52.96933633;51.54370429;49.96864884;48.28144505;46.54474715;45.39187381
65;53.77131477;54.78652987;56.48670997;58.6028643;59.27385347;59.45231662;60.19765264;60.80952258;62.87594988;63.51101672;65.23706357;65.44809156;65.01162202;63.02939479;62.46811893;61.82375842;61.17875867;60.51784307;59.2953747;57.67272136;55.99706226;55.94157987;55.87053779;54.03114697;53.4327989;52.7923303;52.38890131;51.10092468
65;56.21138114;56.45372172;58.3098979;58.53051533;59.24904929;59.94983544;61.95623429;62.48638842;63.26111082;64.13297681;65.7949399;65.89537438;65.22357243;64.13289554;62.5195456;61.25282395;60.13001649;59.87003946;59.3597579;58.11645742;57.03151097;55.01723841;53.59847617;52.05447885;51.22275624;49.31960744;47.30827044;45.66581796
65;52.44449583;54.45929373;55.66005094;57.4581815;58.76074773;58.94884405;60.69923558;61.19794743;62.30001182;63.42826622;65.16689484;65.49967443;65.45349598;64.65676126;63.04360644;62.94813736;62.31071087;60.60561571;60.25273027;59.35829361;58.37573817;56.83997653;55.85895563;55.73484583;55.10223132;52.98950744;51.0293432;50.75834893
70;55.72545769;57.5555223;58.8341066;60.26325535;61.0679056;62.84537452;63.98374416;65.59733452;67.59624948;69.19422144;70.39867418;70.34507497;70.80075035;69.04327742;67.02762948;65.22822191;63.81571574;62.21951213;60.18235757;59.71650665;57.81864824;56.68201923;55.49445285;53.58398805;53.25575452;51.24622568;50.30067647;49.75970423
70;61.64979355;63.70992609;65.26349294;65.53175351;66.96553018;68.08988579;68.22372883;69.37397725;69.92066122;70.03085754;70.34356923;70.87439278;70.01220305;69.75314118;68.25396343;67.50765873;65.64107787;63.51056444;62.2679544;62.14758564;61.9616099;61.34561224;59.28271265;57.59603537;55.98186151;53.97405362;53.46884243;53.29252064
70;58.55759353;58.87112657;60.3568061;62.01049625;64.06710286;66.08618393;66.55987132;67.92519287;68.12911711;69.66006918;70.12383969;70.04453191;70.92424479;69.23056665;67.96244118;66.55943811;66.42034976;66.11654526;65.52101231;63.58679367;63.34939819;61.4445068;60.56271697;58.82583105;58.56462687;57.83637116;56.53686815;54.47107209
70;56.97280949;57.20505668;58.67415259;59.97421354;60.59882766;62.62191734;64.66543004;66.27278518;66.88140634;68.58054366;70.06996393;70.98755866;70.41599202;68.50414104;66.7485571;65.2061891;64.04486374;63.81486513;62.47892511;61.55049461;59.41119122;59.3350963;57.21408485;57.14422348;55.37596171;53.36353394;51.75608764;50.94041118
70;56.18607253;56.51304054;58.21669925;58.86381797;60.48208071;61.8977068;63.74795829;64.86625111;66.28341512;68.18998987;70.19737472;70.70950993;70.37145585;68.51060948;67.39333202;65.7754747;63.90499493;62.34817847;60.51923796;59.12374129;58.21943561;57.64725254;55.89024782;55.39418936;53.35526621;52.91226956;52.84824236;52.29478204
70;60.83267415;60.8481346;60.92456621;62.270271;63.64052725;65.44752073;65.96229775;66.6394668;68.37098469;69.05514119;70.92566745;70.22768846;70.88821642;69.55145046;68.30156911;67.92902365;67.91735441;67.86975763;65.94643675;65.02040724;63.86914713;62.35838526;61.73940171;60.24457887;58.63849161;56.72001149;55.32195253;54.08524966
70;56.02767017;57.690885;59.7276861;60.29476633;62.30299772;64.28184934;66.23477813;68.42160265;70.14714394;70.33489805;70.45918804;70.87455117;70.94607863;70.23401215;69.51133189;68.15200658;67.65718751;66.33127734;64.29263174;63.4872214;61.38828028;60.48711915;59.75325245;59.26501883;58.25319831;57.51530704;56.41185018;54.23196392
70;57.49714085;57.66804987;58.62849599;59.72368889;61.27782771;63.03827202;63.27387845;65.27583761;67.15299914;68.7491894;70.38992808;70.36628138;70.63049615;68.96496251;67.5415638;65.80141989;65.63661805;63.66071162;63.62172897;63.13170797;62.45505272;60.3636114;59.59311327;57.91904894;57.65603039;57.65212976;55.96858717;54.76099796
70;60.32469125;61.68405061;62.57945578;64.00152596;65.30246912;65.40524769;65.80803048;67.87571682;69.60151935;70.0886959;70.8600905;70.76920708;70.59939335;68.44562753;67.62468194;66.57421172;64.50820179;63.14009546;62.23418885;61.85954352;61.42690138;60.69347097;59.93563248;58.84550769;58.75029216;58.35904808;58.16747475;58.09787939
70;57.81493768;59.56756978;60.76170816;62.87372;63.81752878;64.51443347;64.81425398;66.6657712;68.77970237;69.66727281;70.94089787;70.72947195;70.88696981;69.8669303;69.39924599;67.88062626;66.81005527;66.35639949;64.2736877;62.18173971;61.79325696;59.77673661;58.03599558;57.5465485;56.08953834;55.19188116;54.36216474;53.22264256
70;60.09019664;60.26595229;62.2730401;62.9724787;64.13335437;66.22212446;67.6278449;67.71396244;69.67621984;70.08380842;70.30132575;70.98082228;70.27856165;70.01172621;69.82101148;68.27265521;67.06085653;66.06434848;65.29477702;63.8775404;61.86555662;61.53880233;60.69373634;58.78332533;57.14994133;55.95334521;55.16255918;54.41365813
70;57.40281295;58.07894071;59.3058245;59.81555102;61.8782564;63.64897456;65.6601138;66.34904164;66.95734408;68.6070104;70.39208256;70.15444311;70.57064848;68.60222549;67.60016003;67.10397456;65.91098681;65.46548044;63.43840779;63.24186795;63.05165573;62.75268943;62.75111018;60.81564375;60.524817;59.19955859;58.71919282;58.58193065
70;61.02133853;61.13939015;62.75913274;64.87667908;65.06451467;65.49986118;66.06386757;67.35701486;67.62985518;68.27717412;70.00548305;70.2506551;70.04275644;69.14224651;68.32276453;66.40441711;66.07044801;64.17592247;64.15308503;62.99595165;62.8417283;61.76936123;59.79544858;57.77522535;55.6691202;53.53059246;53.11265704;51.19341107
70;58.092878;60.20380508;60.93136168;60.98112467;62.12299178;63.70860479;63.85620436;65.91027634;67.11130511;68.87155694;70.8108458;70.63729153;70.91313366;70.73596405;68.5619215;68.20443373;66.0134701;65.52758583;65.08435923;64.61121897;62.88855551;61.68130826;60.89406793;59.83309165;58.35388648;57.15395428;56.17975496;55.37159622
70;60.39386065;61.69943963;62.96226477;64.15778603;64.16106807;65.31135902;67.37298212;67.65807336;68.39427891;70.11091737;70.3342144;70.61168514;70.55763326;68.90219091;67.32320456;65.23972561;64.69384679;64.65663362;62.62845842;60.87507054;59.11567058;58.79268903;57.73645988;56.44873128;55.61613745;53.51336166;52.15336156;52.12519135
70;61.09340212;61.17817109;61.93673446;63.81862709;64.19164453;64.88401291;66.77310134;67.03594609;67.92686551;68.82522636;70.98115936;70.27338428;70.76540413;69.43386125;69.13066219;68.48268848;66.39817542;65.84707706;65.73493844;65.63958231;64.57206833;63.79764598;61.6129077;60.77707159;59.88807882;58.49582245;57.6163016;55.97616643
70;56.31263635;57.2669996;59.04393209;59.85072801;61.51920653;63.08288555;65.09596631;66.853562;68.61510388;70.39063498;70.60545336;70.74129906;70.39620172;69.44626235;67.71688589;65.82407785;64.03253137;62.16218346;60.21251734;59.63795933;59.20790398;57.28774633;55.95150674;53.78328166;52.82737499;52.00709987;50.74270297;50.68041026
70;56.71604554;58.33304818;58.63671029;60.23848965;61.69715491;63.69683303;65.87041604;66.92285552;67.17108598;68.85802546;70.33406976;70.64621935;70.3727807;68.48592761;68.01875944;66.02381776;65.41149346;64.48491787;63.88395322;62.37426125;61.39332481;59.31313159;58.03523978;57.72732811;56.40951522;55.37573954;54.56355863;53.98201855
70;60.85690305;61.27575501;63.0436256;63.50414064;64.54781918;66.34362207;67.33199579;68.77561778;68.93778382;70.76522223;70.95292197;70.18648103;70.37265077;69.09648352;67.97578639;67.42188367;65.24625574;64.59682043;62.75351758;61.30869517;61.06536167;60.62211759;59.65281405;58.41367797;57.02774272;56.86554003;54.96421532;53.26354656
70;59.51918319;60.80003273;61.24648437;62.4278221;62.45890315;63.53234535;65.01949563;65.97666717;68.16932195;69.07564024;70.26246103;70.95635317;70.72372164;69.08965016;69.03392797;66.90548981;65.58957176;63.85611438;63.53246304;61.75843907;60.67942525;60.3518698;58.85598392;58.61611227;57.29863369;56.02661221;53.97463968;52.19959523
70;61.66053957;63.67817116;63.80507979;64.07542311;65.2142211;65.22780268;66.57724354;66.8776994;67.68016436;69.46202147;70.12439859;70.65267296;70.66922848;70.32373567;69.90533231;68.94134412;67.25957927;66.72782497;65.03028889;63.87121412;63.27652682;62.19217192;60.54507097;58.46591487;57.97024833;56.85482874;56.190774;55.825803
75;63.12541119;65.11384987;65.98623568;67.24001763;68.7408907;69.66248349;70.39135541;71.6875028;72.17199514;74.16418536;75.94758736;75.05076724;75.61706798;74.00375402;72.44812272;71.07225922;70.53959401;68.38636723;67.0053948;66.54291171;65.00788142;63.42451288;61.80394231;61.67097105;60.35574833;59.16584039;57.89446172;56.01197988
75;64.97298307;66.61721525;67.34470073;69.49906125;69.88127693;71.74861332;72.64197251;73.74686108;74.82699438;75.02518474;75.22550854;75.6734706;75.38577761;75.27349045;74.05719783;72.67925708;71.58560451;71.03475489;68.88532181;67.27059646;66.58223684;64.4798155;63.37541896;62.73155381;61.9539886;60.38137181;60.1289079;58.90302155
75;60.33636505;62.24493161;63.43638076;64.72455822;66.11990045;67.01716272;68.55987808;69.40708973;71.01002896;73.0246888;75.19418651;75.19369764;75.95097772;74.14922416;72.29232594;70.64825838;70.27331468;69.9639094;69.38081233;67.28130398;66.15652878;65.88443934;65.8297623;64.75363618;64.5204281;63.41446534;61.23836271;59.65804253
75;59.71612074;61.43487394;63.43961198;64.74708157;66.70445165;66.8898915;69.04892213;71.16375577;73.06615207;74.39298692;75.68472351;75.27344267;75.08781007;74.25112539;73.69568116;73.35062286;72.93840892;71.44163188;70.11211651;69.9449687;68.7202405;67.48876486;66.24203413;66.03226814;64.60092158;64.21631689;63.55896642;63.16677978
75;65.48654075;66.98230144;67.11102632;67.49453212;68.6754231;69.78410546;70.40783323;71.0941676;72.23126268;73.68206335;75.02418617;75.93969981;75.64742875;74.08303996;73.10517233;71.93598597;71.18513743;70.29346656;69.29265907;67.12206756;64.99347369;64.61556988;62.91461552;60.84993705;59.91964703;59.47413793;59.33656189;57.96020744
75;64.69900762;66.02128358;67.49708127;69.0201481;69.52940665;71.63214813;72.37649139;72.7557821;73.45019919;75.29841734;75.44644121;75.40470466;75.93218513;75.57366895;75.10561652;73.50316417;72.67051246;70.75341561;70.65740332;70.64525298;69.59789699;68.74026409;66.71924051;65.35262432;63.62326305;61.60198924;60.66345514;59.40144531
75;65.20876561;66.15027675;67.09004444;67.35106617;69.14415535;71.29347492;71.42177814;71.93377148;72.05090579;73.70645922;75.30801085;75.03016039;75.2817783;73.51274483;72.20650456;70.33093336;70.16828465;69.16813779;67.56369926;67.1282035;66.2432649;64.45793846;64.18045711;62.84454789;61.67276217;60.31779996;59.58998359;58.12355016
75;64.73874313;65.80171008;65.91328412;66.55679035;68.55117264;70.5226672;71.87375856;73.51164169;74.76351014;75.38647466;75.70162456;75.36324959;75.13072848;73.60565919;73.43633054;71.9860846;71.82905102;70.36395302;69.05592678;67.04769869;66.39699052;65.54463048;64.81644662;64.36621936;63.54448361;63.32872004;62.40552738;62.17788237
75;62.83063466;64.75912875;66.39782169;66.53786612;67.43118199;68.01273125;70.07046801;70.95322555;72.54235951;74.52772148;75.82148028;75.79533085;75.13467513;73.9508902;71.97030855;71.91159416;71.37734569;70.54692162;69.16193866;67.4054341;66.87553918;66.06175532;65.38995213;63.31026049;62.91907056;62.73023742;62.61552876;62.45224819
75;65.46838252;67.01055612;68.40783698;69.52765807;69.75657923;70.90961318;71.16232616;72.29744819;73.79869265;74.53473566;75.67046091;75.95913801;75.73840756;75.01941391;73.63609396;73.40225829;72.35624115;71.28191324;71.10045031;70.77403586;70.69410372;68.63940438;67.47166214;66.05297614;63.94274598;61.96879772;60.64575252;58.89923234
75;67.42916644;67.57446545;68.52429163;69.36798389;70.20055412;72.16578206;73.08332694;74.12628852;74.36763666;75.14887307;75.47569191;75.28334866;75.0878956;74.04871209;74.02929281;72.47609083;70.46784934;69.54708414;68.68906348;68.41304011;67.19107477;66.32534015;65.5401102;63.69650332;63.48431473;61.5069382;60.27263952;60.02577896
75;65.2944966;67.11748499;67.80475578;69.5386112;70.38286114;70.97865233;72.42437965;74.38791358;74.50937131;75.04678648;75.41593258;75.29127182;75.0117221;73.67807078;72.96098147;70.90933074;70.59003894;70.47867354;69.40047399;69.1947773;68.97419126;68.94498804;67.89879115;67.34443564;65.39266454;64.79253842;63.90996458;63.36418875
75;66.19456951;66.37221019;66.69236243;68.82722767;70.69984883;71.27669913;72.35394046;74.04186952;74.733274;74.92240209;75.76459795;75.94458096;75.40484151;74.59914323;74.41720483;73.17680639;71.73251362;70.7550244;70.70850963;68.51096503;67.63679874;66.44275571;65.86567736;64.93201827;64.17883655;62.96426966;62.82398412;61.4608228
75;61.52257059;63.06555612;64.08479034;65.69937839;67.27220446;68.90560335;69.48243342;70.37294117;72.29660678;73.72595925;75.24818079;75.989467;75.72590627;74.96232495;74.6706814;73.93519028;72.58246468;71.44735123;71.25124992;69.580077;67.52556615;65.90671602;65.5070298;65.47332621;65.35098913;64.74451676;63.67892678;62.76049085
75;64.23210376;65.49743768;67.23529898;67.67786536;69.26169963;71.36709054;72.35025293;73.47120242;74.47986656;75.02981753;75.08982331;75.77151173;75.82415413;74.33728158;72.35954913;70.33463459;68.38581851;66.57234216;65.92240615;65.64340184;65.56305857;64.23776422;63.16042535;61.19400386;60.56397847;58.44424721;56.70717045;56.17814007
75;65.4697452;66.22684853;66.50069409;67.9506495;70.01720505;72.13610347;73.02389534;74.02477479;74.55854192;75.50431795;75.64180743;75.66257485;75.87414924;74.83678769;74.24022736;72.76779485;71.8260292;70.55286795;70.49092287;69.8681374;69.69353909;69.00067919;67.00596905;65.44248919;64.64158252;63.84627681;63.78385747;63.57361649
75;63.81673268;65.95459808;65.96426688;67.48836405;68.38209326;69.49971724;71.27652052;72.14553748;72.69465039;74.36040013;75.92508585;75.01333882;75.34923717;74.59390502;72.90116438;70.88975631;70.76295011;69.59696236;69.06451644;69.03544928;68.61092289;67.47904334;66.77165574;66.55840983;65.7009834;65.26662794;64.7432082;63.31610763
75;65.7862152;67.72136069;69.82483817;70.31016755;71.30765941;71.32605185;72.05001004;72.4259104;73.95459476;74.45910719;75.54138043;75.57588949;75.09193225;74.88737904;73.00292087;71.04600577;70.9494163;69.09236381;67.87342434;67.58328478;67.50766654;66.33170197;65.34596695;64.93214137;63.73436206;62.1687259;60.68370633;58.75928547
75;62.6884834;64.18474338;65.89678437;67.29410936;67.38562449;68.39684115;70.16795898;71.63700586;73.78096637;73.94256462;75.75299257;75.03094295;75.16661352;73.66294665;72.20640252;71.84755443;70.72512029;70.43757604;70.34036965;69.49337444;69.20539381;67.77032384;67.51063613;65.49242557;63.44065834;61.85631339;61.18659943;61.01045042
75;64.79278526;64.88999351;65.67406298;66.77987319;67.11189082;68.5716578;70.65235523;71.09400031;71.69947891;73.37031817;75.38681278;75.58927802;75.12281174;74.77661128;73.25601575;71.06618963;69.14113077;67.66707987;67.24461639;67.16457443;65.02647299;64.16126305;62.40626415;61.82246771;60.43622373;59.49409155;59.4434307;59.21569514
